{
  "Linear": {
    "RMSE": 0.31022379542851086,
    "MAE": 0.2016841945515501,
    "R2": 0.9391168752575136
  },
  "RandomForest": {
    "RMSE": 0.3086963247906589,
    "MAE": 0.10479301476644069,
    "R2": 0.9397149482510946
  },
  "XGBoost": {
    "RMSE": 0.2995659428241338,
    "MAE": 0.11070270889175829,
    "R2": 0.9432283397265419
  },
  "LightGBM": {
    "RMSE": 0.3056863462119652,
    "MAE": 0.11184957519541998,
    "R2": 0.9408848491713584
  }
}